ViewName,FieldName,DynamicType,BDMType,DifferenceType,Notes
APP_Exemption_Accreditation_Application,Centres_Permitted_To_Run_Programme,VARCHAR(2000),VARCHAR(100),LengthMismatch,
APP_Exemption_Accreditation_Application,Use_Computer_Technology,VARCHAR(8000),VARCHAR(2000),LengthMismatch,
APP_Exemption_Accreditation_Application,Navigate_Windows_And_Computer_Screens,VARCHAR(8000),VARCHAR(2000),LengthMismatch,
APP_Exemption_Accreditation_Application,Present_Data_And_Information,VARCHAR(6000),VARCHAR(2000),LengthMismatch,
EAC_Programme,Programme_ID,VARCHAR(100),REMOVED,MissingFromBDM,
EAC_Available_Accreditation,Exemption_Accreditation,VARCHAR(1000),VARCHAR(100),LengthMismatch,
EAC_Institution,Institution_ID,VARCHAR(100),REMOVED,MissingFromBDM,
EAC_Module,Module,VARCHAR(1000),VARCHAR(100),LengthMismatch,
EAC_Available_Exemption_Module,Name,VARCHAR(1000),VARCHAR(100),LengthMismatch,
FIN_Customer_Invoice_Line,Original_Sales_Order,VARCHAR(MAX),VARCHAR(3000),TypeMismatch,
FIN_Voucher_Transaction,FIN_Customer_Invoice_SK,VARCHAR(100),REMOVED,MissingFromBDM,
B2B_Assessment_Condition,Name,VARCHAR(850),VARCHAR(100),LengthMismatch,
B2B_Registration_Code,Programme,VARCHAR(300),VARCHAR(100),LengthMismatch,
B2B_Monitoring,Customer_Additional_Information,VARCHAR(6000),VARCHAR(100),LengthMismatch,
B2B_Application_Contact,Professional_Qualification,VARCHAR(MAX),VARCHAR(100),TypeMismatch,
B2B_Learning_Provider,Status,VARCHAR(100),REMOVED,MissingFromBDM,
B2C_Customer,Employer,VARCHAR(1000),VARCHAR(100),LengthMismatch,
B2C_Practical_Experience,Trainees_Report_Data,VARCHAR(100),REMOVED,MissingFromBDM,
B2C_Exemption_Offer,B2C_Exemption_Forfeit_SK,VARCHAR(100),REMOVED,MissingFromBDM,
B2C_Exemption_Offer,Exemption_Accreditation,VARCHAR(2000),VARCHAR(100),LengthMismatch,
B2C_Exemption_Offer,Institution,VARCHAR(400),VARCHAR(100),LengthMismatch,
B2C_Exemption_Offer,Programme,VARCHAR(300),VARCHAR(100),LengthMismatch,
B2C_Exemption_Offer,Forfeit_Reason,VARCHAR(1000),REMOVED,MissingFromBDM,
B2C_Exemption_Offer,Forfeit_Description,VARCHAR(1000),REMOVED,MissingFromBDM,
B2C_FASSET,Matriculated_Province,VARCHAR(100),REMOVED,MissingFromBDM,
SVC_Activity,Subject,VARCHAR(2000),VARCHAR(400),LengthMismatch,
SVC_Case,Case_Title,VARCHAR(2000),VARCHAR(400),LengthMismatch,
